{
  "attempt_id": "20260527T010457-95a673d9",
  "harness": "claude",
  "tokens": 0,
  "input_tokens": 4993,
  "cached_tokens": 5897774,
  "cache_hit_rate": 0.9991541255143562,
  "output_tokens": 53302,
  "cost_usd": 5.131895999999999
}