{
  "attempt_id": "20260518T082003-2b1bee31",
  "harness": "claude",
  "model": "haiku",
  "tokens": 4434,
  "input_tokens": 30,
  "cached_tokens": 209588,
  "cache_hit_rate": 0.9998568825196309,
  "output_tokens": 4404,
  "cost_usd": 0.0695703
}