{
  "attempt_id": "20260518T033500-d3dd51ac",
  "harness": "claude",
  "model": "haiku",
  "tokens": 39354,
  "input_tokens": 712,
  "cached_tokens": 11513955,
  "cache_hit_rate": 0.9999381658192981,
  "output_tokens": 38642,
  "cost_usd": 1.718861350000001
}