{
  "attempt_id": "20260527T220506-c3afb34b",
  "harness": "claude",
  "model": "haiku",
  "tokens": 41662,
  "input_tokens": 450,
  "cached_tokens": 6300482,
  "cache_hit_rate": 0.9999285819939019,
  "output_tokens": 41212,
  "cost_usd": 0.9660102000000002
}