{
  "attempt_id": "20260603T054741-1b653474",
  "harness": "claude",
  "model": "sonnet",
  "tokens": 5581,
  "input_tokens": 13,
  "cached_tokens": 504018,
  "cache_hit_rate": 0.999974207935623,
  "output_tokens": 5568,
  "cost_usd": 0.5389248999999999
}