{
  "attempt_id": "20260527T221839-1734cf8c",
  "harness": "claude",
  "model": "haiku",
  "tokens": 35109,
  "input_tokens": 471,
  "cached_tokens": 6475601,
  "cache_hit_rate": 0.9999272707283057,
  "output_tokens": 34638,
  "cost_usd": 0.9555411
}