{
  "attempt_id": "20260603T021346-e9546a57",
  "harness": "claude",
  "model": "sonnet",
  "tokens": 3966,
  "input_tokens": 7,
  "cached_tokens": 643259,
  "cache_hit_rate": 0.9999891180320427,
  "output_tokens": 3959,
  "cost_usd": 2.3277162999999996
}