{
  "attempt_id": "20260516T053138-afab769e",
  "harness": "claude",
  "model": "opus",
  "tokens": 36558,
  "input_tokens": 94,
  "cached_tokens": 8661116,
  "cache_hit_rate": 0.9999891470129463,
  "output_tokens": 36464,
  "cost_usd": 6.3832220000000035
}