{
  "attempt_id": "20260603T202554-19d25a4c",
  "harness": "claude",
  "model": "sonnet",
  "tokens": 417,
  "input_tokens": 4,
  "cached_tokens": 212872,
  "cache_hit_rate": 0.9999812097183337,
  "output_tokens": 413,
  "cost_usd": 2.581904950000001
}