{
  "attempt_id": "20260517T214127-ebc8f574",
  "harness": "claude",
  "model": "haiku",
  "tokens": 61,
  "input_tokens": 9,
  "cached_tokens": 93733,
  "cache_hit_rate": 0.9999039918073009,
  "output_tokens": 52,
  "cost_usd": 0.3779319000000001
}