{
  "attempt_id": "20260602T012159-43c4abd2",
  "harness": "claude",
  "model": "sonnet",
  "tokens": 30,
  "input_tokens": 3,
  "cached_tokens": 82654,
  "cache_hit_rate": 0.9999637054332966,
  "output_tokens": 27,
  "cost_usd": 1.2917535500000001
}