{
  "attempt_id": "20260603T094656-261369a6",
  "harness": "claude",
  "model": "sonnet",
  "tokens": 1447,
  "input_tokens": 4,
  "cached_tokens": 86337,
  "cache_hit_rate": 0.9999536720677314,
  "output_tokens": 1443,
  "cost_usd": 0.1142411
}