{
  "attempt_id": "20260527T193554-01a71e9b",
  "harness": "claude",
  "model": "haiku",
  "tokens": 6013,
  "input_tokens": 142,
  "cached_tokens": 1446185,
  "cache_hit_rate": 0.9999018202660948,
  "output_tokens": 5871,
  "cost_usd": 0.23322525000000002
}