{
  "attempt_id": "20260518T100548-3e9bbbf6",
  "harness": "claude",
  "model": "haiku",
  "tokens": 5535,
  "input_tokens": 86,
  "cached_tokens": 701483,
  "cache_hit_rate": 0.9998774176167989,
  "output_tokens": 5449,
  "cost_usd": 0.13172080000000003
}