{
  "attempt_id": "20260527T110921-ac183131",
  "harness": "claude",
  "model": "haiku",
  "tokens": 6550,
  "input_tokens": 149,
  "cached_tokens": 1595586,
  "cache_hit_rate": 0.9999066261001983,
  "output_tokens": 6401,
  "cost_usd": 0.25462284999999996
}