{
  "attempt_id": "20260704T011957-7eabbd70",
  "harness": "claude",
  "model": "sonnet",
  "tokens": 23221,
  "input_tokens": 8343,
  "cached_tokens": 1373336,
  "cache_hit_rate": 0.9939616944311956,
  "output_tokens": 14878,
  "cost_usd": 1.2523718
}