{
  "attempt_id": "20260606T064519-1912b0eb",
  "harness": "claude",
  "model": "sonnet",
  "tokens": 32361,
  "input_tokens": 92,
  "cached_tokens": 8030524,
  "cache_hit_rate": 0.999988543842714,
  "output_tokens": 32269,
  "cost_usd": 3.3180911999999996
}