{
  "attempt_id": "20260516T050436-03e28374",
  "harness": "claude",
  "model": "opus",
  "tokens": 17368,
  "input_tokens": 64,
  "cached_tokens": 4501722,
  "cache_hit_rate": 0.9999857834201803,
  "output_tokens": 17304,
  "cost_usd": 3.2084512500000004
}