{
  "attempt_id": "20260528T142427-7e038fd5",
  "harness": "claude",
  "model": "haiku",
  "tokens": 190,
  "input_tokens": 9,
  "cached_tokens": 112602,
  "cache_hit_rate": 0.9999200788555292,
  "output_tokens": 181,
  "cost_usd": 0.7659054500000001
}