{
  "attempt_id": "20260603T033049-6ddd1063",
  "harness": "claude",
  "model": "sonnet",
  "tokens": 139,
  "input_tokens": 3,
  "cached_tokens": 157946,
  "cache_hit_rate": 0.9999810065274234,
  "output_tokens": 136,
  "cost_usd": 4.781192849999999
}