{
  "attempt_id": "20260518T082708-af7d1f8e",
  "harness": "claude",
  "model": "haiku",
  "tokens": 291,
  "input_tokens": 9,
  "cached_tokens": 147694,
  "cache_hit_rate": 0.9999390669113017,
  "output_tokens": 282,
  "cost_usd": 1.3300499000000003
}