{
  "attempt_id": "20260521T085614-f2c504d4",
  "harness": "claude",
  "model": "haiku",
  "tokens": 1030,
  "input_tokens": 34,
  "cached_tokens": 454255,
  "cache_hit_rate": 0.9999251577740161,
  "output_tokens": 996,
  "cost_usd": 2.0427056500000003
}