{
  "attempt_id": "20260518T074951-030ff546",
  "harness": "claude",
  "model": "haiku",
  "tokens": 10626,
  "input_tokens": 156,
  "cached_tokens": 1526943,
  "cache_hit_rate": 0.9998978455227854,
  "output_tokens": 10470,
  "cost_usd": 0.26210829999999996
}