{
  "attempt_id": "20260603T095935-957fb640",
  "harness": "claude",
  "model": "sonnet",
  "tokens": 4229,
  "input_tokens": 17,
  "cached_tokens": 688038,
  "cache_hit_rate": 0.9999752926728241,
  "output_tokens": 4212,
  "cost_usd": 0.5771479
}