{
  "attempt_id": "20260518T081815-17857810",
  "harness": "claude",
  "model": "haiku",
  "tokens": 9969,
  "input_tokens": 240,
  "cached_tokens": 2514719,
  "cache_hit_rate": 0.9999045710089111,
  "output_tokens": 9729,
  "cost_usd": 0.3646891499999999
}