{
  "attempt_id": "20260603T230958-cc53800f",
  "harness": "claude",
  "model": "sonnet",
  "tokens": 2701,
  "input_tokens": 12,
  "cached_tokens": 543655,
  "cache_hit_rate": 0.9999779276652804,
  "output_tokens": 2689,
  "cost_usd": 0.36280125
}