{
  "attempt_id": "20260518T084323-8c19c710",
  "harness": "claude",
  "model": "haiku",
  "tokens": 5294,
  "input_tokens": 107,
  "cached_tokens": 991154,
  "cache_hit_rate": 0.9998920566833559,
  "output_tokens": 5187,
  "cost_usd": 0.17147965
}