{
  "attempt_id": "20260527T214351-6855b45d",
  "harness": "claude",
  "model": "haiku",
  "tokens": 31248,
  "input_tokens": 655,
  "cached_tokens": 9605358,
  "cache_hit_rate": 0.9999318135422053,
  "output_tokens": 30593,
  "cost_usd": 1.2319685500000002
}