{
  "attempt_id": "20260527T031913-bff01402",
  "harness": "claude",
  "tokens": 0,
  "input_tokens": 11150,
  "cached_tokens": 5954239,
  "cache_hit_rate": 0.998130884674914,
  "output_tokens": 68798,
  "cost_usd": 6.18939495
}