{
  "attempt_id": "20260521T031817-0c156771",
  "harness": "claude",
  "model": "haiku",
  "tokens": 17297,
  "input_tokens": 380,
  "cached_tokens": 3864943,
  "cache_hit_rate": 0.9999016899751975,
  "output_tokens": 16917,
  "cost_usd": 0.5395158000000001
}