{
  "attempt_id": "20260528T155615-21c8bd61",
  "harness": "claude",
  "model": "haiku",
  "tokens": 1653,
  "input_tokens": 30,
  "cached_tokens": 584341,
  "cache_hit_rate": 0.9999486627502049,
  "output_tokens": 1623,
  "cost_usd": 1.5447121000000001
}