{
  "attempt_id": "20260603T053833-7933b22e",
  "harness": "claude",
  "model": "opus",
  "tokens": 8489,
  "input_tokens": 3580,
  "cached_tokens": 133512,
  "cache_hit_rate": 0.9738861494470866,
  "output_tokens": 4909,
  "cost_usd": 0.38047100000000006
}