{
  "attempt_id": "20260516T043007-7ac09885",
  "harness": "claude",
  "model": "opus",
  "tokens": 26580,
  "input_tokens": 53,
  "cached_tokens": 3816955,
  "cache_hit_rate": 0.9999861147789053,
  "output_tokens": 26527,
  "cost_usd": 3.1411672499999996
}