{
  "attempt_id": "20260528T110440-503f6ddd",
  "harness": "claude",
  "model": "haiku",
  "tokens": 533,
  "input_tokens": 16,
  "cached_tokens": 237809,
  "cache_hit_rate": 0.9999327236413329,
  "output_tokens": 517,
  "cost_usd": 0.82761415
}