{
  "attempt_id": "20260606T063832-260dfa26",
  "harness": "claude",
  "model": "sonnet",
  "tokens": 4368,
  "input_tokens": 49,
  "cached_tokens": 713335,
  "cache_hit_rate": 0.9999313132898972,
  "output_tokens": 4319,
  "cost_usd": 0.47012525000000005
}