{
  "attempt_id": "20260518T082220-e8333f1f",
  "harness": "claude",
  "model": "haiku",
  "tokens": 13055,
  "input_tokens": 212,
  "cached_tokens": 2621749,
  "cache_hit_rate": 0.9999191444876564,
  "output_tokens": 12843,
  "cost_usd": 0.41176065
}