{
  "attempt_id": "20260531T191056-896746a5",
  "harness": "claude",
  "model": "opus",
  "tokens": 112694,
  "input_tokens": 4366,
  "cached_tokens": 69305,
  "cache_hit_rate": 0.9407365177613987,
  "output_tokens": 108328,
  "cost_usd": 5.59104375
}