{
  "attempt_id": "20260603T032245-e554ad3d",
  "harness": "claude",
  "model": "sonnet",
  "tokens": 9269,
  "input_tokens": 20,
  "cached_tokens": 898538,
  "cache_hit_rate": 0.9999777421157009,
  "output_tokens": 9249,
  "cost_usd": 0.5604364000000001
}