{
  "attempt_id": "20260527T061322-a88f6588",
  "harness": "claude",
  "model": "haiku",
  "tokens": 13893,
  "input_tokens": 317,
  "cached_tokens": 5233743,
  "cache_hit_rate": 0.9999394351612324,
  "output_tokens": 13576,
  "cost_usd": 0.7150680500000001
}