{
  "attempt_id": "20260527T014342-ed4def13",
  "harness": "claude",
  "tokens": 0,
  "input_tokens": 16301,
  "cached_tokens": 7070172,
  "cache_hit_rate": 0.9976997019532848,
  "output_tokens": 75458,
  "cost_usd": 6.59702375
}