{
  "attempt_id": "20260528T044324-cd2ba3ad",
  "harness": "claude",
  "model": "haiku",
  "tokens": 209,
  "input_tokens": 9,
  "cached_tokens": 131788,
  "cache_hit_rate": 0.999931713164943,
  "output_tokens": 200,
  "cost_usd": 0.7853408999999999
}