{
  "attempt_id": "20260527T012742-98e4ae8a",
  "harness": "claude",
  "tokens": 0,
  "input_tokens": 4520,
  "cached_tokens": 5412949,
  "cache_hit_rate": 0.9991656620462434,
  "output_tokens": 40842,
  "cost_usd": 4.895984250000001
}