{
  "attempt_id": "20260601T022411-56ae5981",
  "harness": "claude",
  "model": "sonnet",
  "tokens": 3110,
  "input_tokens": 13,
  "cached_tokens": 433503,
  "cache_hit_rate": 0.9999700126408253,
  "output_tokens": 3097,
  "cost_usd": 0.43497729999999996
}