{
  "attempt_id": "20260527T111609-b64831f5",
  "harness": "claude",
  "model": "haiku",
  "tokens": 28115,
  "input_tokens": 583,
  "cached_tokens": 7601492,
  "cache_hit_rate": 0.9999233104119599,
  "output_tokens": 27532,
  "cost_usd": 1.0043917
}