{
  "attempt_id": "20260606T054500-a5495e23",
  "harness": "claude",
  "model": "sonnet",
  "tokens": 108644,
  "input_tokens": 190,
  "cached_tokens": 14455075,
  "cache_hit_rate": 0.9999868560002186,
  "output_tokens": 108454,
  "cost_usd": 7.063809750000003
}