{
  "attempt_id": "20260527T022948-b8af9bd0",
  "harness": "claude",
  "tokens": 0,
  "input_tokens": 6004,
  "cached_tokens": 16737226,
  "cache_hit_rate": 0.9996414073031309,
  "output_tokens": 122626,
  "cost_usd": 12.987536249999996
}