{
  "attempt_id": "20260521T124145-eea3a9eb",
  "harness": "claude",
  "model": "haiku",
  "tokens": 11,
  "input_tokens": 8,
  "cached_tokens": 147940,
  "cache_hit_rate": 0.9999459269473058,
  "output_tokens": 3,
  "cost_usd": 1.3383809000000004
}