{
  "attempt_id": "20260527T031150-a340cf5d",
  "harness": "claude",
  "tokens": 0,
  "input_tokens": 3897,
  "cached_tokens": 1299397,
  "cache_hit_rate": 0.9970098841857632,
  "output_tokens": 16833,
  "cost_usd": 1.5052487499999998
}