{
  "attempt_id": "20260528T111058-a015181d",
  "harness": "claude",
  "model": "haiku",
  "tokens": 156,
  "input_tokens": 9,
  "cached_tokens": 178641,
  "cache_hit_rate": 0.9999496221662468,
  "output_tokens": 147,
  "cost_usd": 1.8634130999999998
}