{
  "attempt_id": "20260527T211141-20d5267d",
  "harness": "claude",
  "model": "haiku",
  "tokens": 24135,
  "input_tokens": 695,
  "cached_tokens": 10022588,
  "cache_hit_rate": 0.999930661440967,
  "output_tokens": 23440,
  "cost_usd": 1.23476005
}