{
  "attempt_id": "20260528T054112-f84ea54a",
  "harness": "claude",
  "model": "haiku",
  "tokens": 16739,
  "input_tokens": 303,
  "cached_tokens": 4326516,
  "cache_hit_rate": 0.9999299716489181,
  "output_tokens": 16436,
  "cost_usd": 0.62317385
}