{
  "attempt_id": "20260518T103026-94c5f4a3",
  "harness": "claude",
  "model": "haiku",
  "tokens": 23647,
  "input_tokens": 3950,
  "cached_tokens": 4438379,
  "cache_hit_rate": 0.9991108267757746,
  "output_tokens": 19697,
  "cost_usd": 0.6546991500000001
}