{
  "attempt_id": "20260603T184800-903a8e48",
  "harness": "claude",
  "model": "sonnet",
  "tokens": 17896,
  "input_tokens": 29,
  "cached_tokens": 1996464,
  "cache_hit_rate": 0.9999854745295876,
  "output_tokens": 17867,
  "cost_usd": 1.1605562
}