{
  "attempt_id": "20260527T071508-4a6039ce",
  "harness": "claude",
  "model": "haiku",
  "tokens": 10726,
  "input_tokens": 317,
  "cached_tokens": 4152488,
  "cache_hit_rate": 0.9999236660522225,
  "output_tokens": 10409,
  "cost_usd": 0.5535817999999999
}