{
  "attempt_id": "20260516T035502-2da30989",
  "harness": "claude",
  "model": "opus",
  "tokens": 20281,
  "input_tokens": 49,
  "cached_tokens": 3073590,
  "cache_hit_rate": 0.9999840579846885,
  "output_tokens": 20232,
  "cost_usd": 2.53618175
}