{
  "attempt_id": "20260602T162512-3cc92020",
  "harness": "claude",
  "model": "sonnet",
  "tokens": 42666,
  "input_tokens": 84,
  "cached_tokens": 8749216,
  "cache_hit_rate": 0.9999903992319386,
  "output_tokens": 42582,
  "cost_usd": 3.8403329000000004
}