{
  "attempt_id": "20260603T161606-361a6130",
  "harness": "claude",
  "model": "sonnet",
  "tokens": 54,
  "input_tokens": 3,
  "cached_tokens": 141621,
  "cache_hit_rate": 0.9999788171496357,
  "output_tokens": 51,
  "cost_usd": 2.28800545
}