{
  "attempt_id": "20260602T014107-0c79f3d8",
  "harness": "claude",
  "model": "opus",
  "tokens": 32098,
  "input_tokens": 4310,
  "cached_tokens": 1842357,
  "cache_hit_rate": 0.9976660654032373,
  "output_tokens": 27788,
  "cost_usd": 2.1671485
}