{
  "attempt_id": "20260521T120305-2ee393bf",
  "harness": "claude",
  "model": "haiku",
  "tokens": 9711,
  "input_tokens": 209,
  "cached_tokens": 2218170,
  "cache_hit_rate": 0.9999057870634369,
  "output_tokens": 9502,
  "cost_usd": 0.346989
}