{
  "attempt_id": "20260527T214703-cba96706",
  "harness": "claude",
  "model": "haiku",
  "tokens": 24253,
  "input_tokens": 597,
  "cached_tokens": 6758271,
  "cache_hit_rate": 0.9999116715994454,
  "output_tokens": 23656,
  "cost_usd": 0.8764111000000001
}