{
  "attempt_id": "20260528T121959-fede9311",
  "harness": "claude",
  "model": "haiku",
  "tokens": 25755,
  "input_tokens": 562,
  "cached_tokens": 6837755,
  "cache_hit_rate": 0.9999178160357293,
  "output_tokens": 25193,
  "cost_usd": 0.90112125
}