{
  "attempt_id": "20260528T113431-d198263e",
  "harness": "claude",
  "model": "haiku",
  "tokens": 265,
  "input_tokens": 9,
  "cached_tokens": 99161,
  "cache_hit_rate": 0.9999092467480085,
  "output_tokens": 256,
  "cost_usd": 0.5691304
}