{
  "attempt_id": "20260601T015735-161a4aad",
  "harness": "claude",
  "model": "sonnet",
  "tokens": 19582,
  "input_tokens": 38,
  "cached_tokens": 3274942,
  "cache_hit_rate": 0.9999883968757061,
  "output_tokens": 19544,
  "cost_usd": 1.9360557
}