{
  "attempt_id": "20260604T040006-0423693b",
  "harness": "claude",
  "model": "sonnet",
  "tokens": 3053,
  "input_tokens": 13,
  "cached_tokens": 473789,
  "cache_hit_rate": 0.9999725623783775,
  "output_tokens": 3040,
  "cost_usd": 0.30063844999999995
}