{
  "attempt_id": "20260517T214806-7da43ac9",
  "harness": "claude",
  "model": "haiku",
  "tokens": 8659,
  "input_tokens": 338,
  "cached_tokens": 3489072,
  "cache_hit_rate": 0.9999031354870881,
  "output_tokens": 8321,
  "cost_usd": 0.44721995000000003
}