{
  "attempt_id": "20260528T091928-8690763e",
  "harness": "claude",
  "model": "haiku",
  "tokens": 17152,
  "input_tokens": 345,
  "cached_tokens": 4820048,
  "cache_hit_rate": 0.9999284290720695,
  "output_tokens": 16807,
  "cost_usd": 0.6711630500000001
}