{
  "attempt_id": "20260603T165219-e481d71b",
  "harness": "claude",
  "model": "sonnet",
  "tokens": 288,
  "input_tokens": 3,
  "cached_tokens": 176100,
  "cache_hit_rate": 0.999982964515085,
  "output_tokens": 285,
  "cost_usd": 4.979059899999998
}