{
  "attempt_id": "20260526T173448-4df7dae5",
  "harness": "claude",
  "tokens": 0,
  "input_tokens": 20226,
  "cached_tokens": 19684557,
  "cache_hit_rate": 0.9989735487064232,
  "output_tokens": 108649,
  "cost_usd": 14.169076500000003
}