{
  "attempt_id": "20260518T100918-4c4a6b06",
  "harness": "claude",
  "model": "haiku",
  "tokens": 19393,
  "input_tokens": 527,
  "cached_tokens": 6911298,
  "cache_hit_rate": 0.9999237538566152,
  "output_tokens": 18866,
  "cost_usd": 0.8888968
}