{
  "attempt_id": "20260527T220632-975a26b5",
  "harness": "claude",
  "model": "haiku",
  "tokens": 4699,
  "input_tokens": 184,
  "cached_tokens": 3659391,
  "cache_hit_rate": 0.9999497209375405,
  "output_tokens": 4515,
  "cost_usd": 1.6817334
}