{
  "attempt_id": "20260516T173755-e835eaf3",
  "harness": "claude",
  "model": "opus",
  "tokens": 33552,
  "input_tokens": 78,
  "cached_tokens": 6679277,
  "cache_hit_rate": 0.9999883222257239,
  "output_tokens": 33474,
  "cost_usd": 4.889499250000002
}