{
  "attempt_id": "20260527T021507-08bcbb0f",
  "harness": "claude",
  "tokens": 0,
  "input_tokens": 4042,
  "cached_tokens": 2338296,
  "cache_hit_rate": 0.9982743737240313,
  "output_tokens": 44590,
  "cost_usd": 2.9253167499999986
}