{
  "attempt_id": "20260516T060933-666df52d",
  "harness": "claude",
  "model": "opus",
  "tokens": 13023,
  "input_tokens": 48,
  "cached_tokens": 2574797,
  "cache_hit_rate": 0.9999813581011673,
  "output_tokens": 12975,
  "cost_usd": 1.9968455
}