{
  "attempt_id": "20260526T212326-9c951eb8",
  "harness": "claude",
  "tokens": 0,
  "input_tokens": 3936,
  "cached_tokens": 5848893,
  "cache_hit_rate": 0.9993275046990097,
  "output_tokens": 62007,
  "cost_usd": 5.680714750000001
}