{
  "attempt_id": "20260528T064605-fc9605f1",
  "harness": "claude",
  "model": "haiku",
  "tokens": 51903,
  "input_tokens": 898,
  "cached_tokens": 15310091,
  "cache_hit_rate": 0.9999413493145348,
  "output_tokens": 51005,
  "cost_usd": 1.9409726
}