{
  "attempt_id": "20260604T000728-e836668e",
  "harness": "claude",
  "model": "opus",
  "tokens": 3558,
  "input_tokens": 657,
  "cached_tokens": 738430,
  "cache_hit_rate": 0.999111065409079,
  "output_tokens": 2901,
  "cost_usd": 14.971555550000003
}