{
  "attempt_id": "20260527T210151-19b81c3d",
  "harness": "claude",
  "model": "haiku",
  "tokens": 12033,
  "input_tokens": 240,
  "cached_tokens": 2815720,
  "cache_hit_rate": 0.9999147715166409,
  "output_tokens": 11793,
  "cost_usd": 0.41612099999999996
}