{
  "attempt_id": "20260518T083105-cbbc50b4",
  "harness": "claude",
  "model": "haiku",
  "tokens": 10104,
  "input_tokens": 240,
  "cached_tokens": 2593281,
  "cache_hit_rate": 0.9999074617093905,
  "output_tokens": 9864,
  "cost_usd": 0.37830934999999993
}