{
  "attempt_id": "20260603T182910-f2b28d68",
  "harness": "claude",
  "model": "sonnet",
  "tokens": 27015,
  "input_tokens": 29,
  "cached_tokens": 1763607,
  "cache_hit_rate": 0.9999835566976406,
  "output_tokens": 26986,
  "cost_usd": 1.18142935
}