{
  "attempt_id": "20260526T182741-904ba901",
  "harness": "claude",
  "tokens": 0,
  "input_tokens": 3680,
  "cached_tokens": 1230006,
  "cache_hit_rate": 0.9970170691731932,
  "output_tokens": 17890,
  "cost_usd": 1.4660695
}