{
  "attempt_id": "20260518T074718-9af123a0",
  "harness": "claude",
  "model": "haiku",
  "tokens": 10446,
  "input_tokens": 282,
  "cached_tokens": 3852205,
  "cache_hit_rate": 0.9999268005317085,
  "output_tokens": 10164,
  "cost_usd": 0.5274452499999999
}