{
  "attempt_id": "20260518T075646-bad85484",
  "harness": "claude",
  "model": "haiku",
  "tokens": 18477,
  "input_tokens": 3645,
  "cached_tokens": 5993269,
  "cache_hit_rate": 0.99939218738171,
  "output_tokens": 14832,
  "cost_usd": 0.7793164000000001
}