{
  "attempt_id": "20260603T215311-5cc19408",
  "harness": "claude",
  "model": "sonnet",
  "tokens": 4903,
  "input_tokens": 13,
  "cached_tokens": 867236,
  "cache_hit_rate": 0.9999850100720785,
  "output_tokens": 4890,
  "cost_usd": 0.6035093
}