{
  "attempt_id": "20260602T015332-86ed364e",
  "harness": "claude",
  "model": "sonnet",
  "tokens": 7078,
  "input_tokens": 14,
  "cached_tokens": 686803,
  "cache_hit_rate": 0.9999796161131713,
  "output_tokens": 7064,
  "cost_usd": 0.49860689999999996
}