{
  "attempt_id": "20260528T153843-bb225119",
  "harness": "claude",
  "model": "haiku",
  "tokens": 135,
  "input_tokens": 9,
  "cached_tokens": 127146,
  "cache_hit_rate": 0.9999292202430105,
  "output_tokens": 126,
  "cost_usd": 1.1450243499999997
}