{
  "attempt_id": "20260603T112830-fd6449d5",
  "harness": "claude",
  "model": "sonnet",
  "tokens": 48,
  "input_tokens": 3,
  "cached_tokens": 73687,
  "cache_hit_rate": 0.999959288913014,
  "output_tokens": 45,
  "cost_usd": 0.5524389000000001
}