{
  "attempt_id": "20260531T205143-922f9af3",
  "harness": "claude",
  "model": "sonnet",
  "tokens": 78,
  "input_tokens": 3,
  "cached_tokens": 145482,
  "cache_hit_rate": 0.9999793793174554,
  "output_tokens": 75,
  "cost_usd": 3.764367300000001
}