{
  "attempt_id": "20260527T113608-5fab5d98",
  "harness": "claude",
  "model": "haiku",
  "tokens": 18227,
  "input_tokens": 352,
  "cached_tokens": 3987402,
  "cache_hit_rate": 0.9999117297606622,
  "output_tokens": 17875,
  "cost_usd": 0.5696702000000001
}