{
  "attempt_id": "20260603T123927-e943743d",
  "harness": "claude",
  "model": "sonnet",
  "tokens": 75,
  "input_tokens": 3,
  "cached_tokens": 56333,
  "cache_hit_rate": 0.9999467480829309,
  "output_tokens": 72,
  "cost_usd": 0.49922294999999994
}