{
  "attempt_id": "20260602T050307-69b594e2",
  "harness": "claude",
  "model": "sonnet",
  "tokens": 128,
  "input_tokens": 3,
  "cached_tokens": 90964,
  "cache_hit_rate": 0.9999670210076181,
  "output_tokens": 125,
  "cost_usd": 1.41104385
}