{
  "attempt_id": "20260527T045803-d54608dd",
  "harness": "claude",
  "tokens": 0,
  "input_tokens": 3177,
  "cached_tokens": 230023,
  "cache_hit_rate": 0.986376500857633,
  "output_tokens": 4731,
  "cost_usd": 0.415598
}