{
  "attempt_id": "20260603T221847-994e0d4b",
  "harness": "claude",
  "model": "sonnet",
  "tokens": 3015,
  "input_tokens": 9,
  "cached_tokens": 446644,
  "cache_hit_rate": 0.9999798501297428,
  "output_tokens": 3006,
  "cost_usd": 0.4069317
}