{
  "attempt_id": "20260516T172152-6114a5fe",
  "harness": "claude",
  "model": "opus",
  "tokens": 34527,
  "input_tokens": 51,
  "cached_tokens": 3766936,
  "cache_hit_rate": 0.9999864613283773,
  "output_tokens": 34476,
  "cost_usd": 3.30975675
}