{
  "attempt_id": "20260528T073421-2ba8182e",
  "harness": "claude",
  "model": "haiku",
  "tokens": 140,
  "input_tokens": 9,
  "cached_tokens": 127621,
  "cache_hit_rate": 0.9999294836637155,
  "output_tokens": 131,
  "cost_usd": 0.7854836500000004
}