{
  "attempt_id": "20260704T011640-2b8970c9",
  "harness": "claude",
  "model": "sonnet",
  "tokens": 37387,
  "input_tokens": 8852,
  "cached_tokens": 4258268,
  "cache_hit_rate": 0.997925532912128,
  "output_tokens": 28535,
  "cost_usd": 2.6407073999999993
}