{
  "attempt_id": "20260516T065111-fb9be3db",
  "harness": "claude",
  "model": "opus",
  "tokens": 27743,
  "input_tokens": 57,
  "cached_tokens": 4499771,
  "cache_hit_rate": 0.9999873328491666,
  "output_tokens": 27686,
  "cost_usd": 3.602393250000001
}