{
  "attempt_id": "20260527T101533-0969715d",
  "harness": "claude",
  "model": "haiku",
  "tokens": 11228,
  "input_tokens": 212,
  "cached_tokens": 2630034,
  "cache_hit_rate": 0.9999193991740697,
  "output_tokens": 11016,
  "cost_usd": 0.39527215
}