{
  "attempt_id": "20260526T183448-20016283",
  "harness": "claude",
  "tokens": 0,
  "input_tokens": 21730,
  "cached_tokens": 12579356,
  "cache_hit_rate": 0.9982755454569551,
  "output_tokens": 85980,
  "cost_usd": 9.872648249999997
}