{
  "attempt_id": "20260602T173655-ca1349cb",
  "harness": "claude",
  "model": "sonnet",
  "tokens": 26,
  "input_tokens": 3,
  "cached_tokens": 131707,
  "cache_hit_rate": 0.9999772226862046,
  "output_tokens": 23,
  "cost_usd": 2.6530885999999994
}