{
  "attempt_id": "20260521T120859-4791f6cc",
  "harness": "claude",
  "model": "haiku",
  "tokens": 128,
  "input_tokens": 10,
  "cached_tokens": 95698,
  "cache_hit_rate": 0.9998955155263928,
  "output_tokens": 118,
  "cost_usd": 1.90061675
}