{
  "attempt_id": "20260603T222457-e2cc6249",
  "harness": "claude",
  "model": "sonnet",
  "tokens": 39,
  "input_tokens": 3,
  "cached_tokens": 97535,
  "cache_hit_rate": 0.9999692427566692,
  "output_tokens": 36,
  "cost_usd": 0.6858206
}