{
  "attempt_id": "20260528T054113-4685a339",
  "harness": "claude",
  "model": "haiku",
  "tokens": 1050,
  "input_tokens": 23,
  "cached_tokens": 406284,
  "cache_hit_rate": 0.9999433925578441,
  "output_tokens": 1027,
  "cost_usd": 0.9598724999999999
}