{
  "attempt_id": "20260603T235026-8d525370",
  "harness": "claude",
  "model": "sonnet",
  "tokens": 42,
  "input_tokens": 3,
  "cached_tokens": 61708,
  "cache_hit_rate": 0.9999513863006595,
  "output_tokens": 39,
  "cost_usd": 0.7209922999999999
}