{
  "attempt_id": "20260603T043917-641ba676",
  "harness": "claude",
  "model": "sonnet",
  "tokens": 61,
  "input_tokens": 3,
  "cached_tokens": 168455,
  "cache_hit_rate": 0.9999821914067601,
  "output_tokens": 58,
  "cost_usd": 3.4395299
}