{
  "attempt_id": "20260518T014352-481f029a",
  "harness": "claude",
  "model": "haiku",
  "tokens": 9098,
  "input_tokens": 169,
  "cached_tokens": 1253000,
  "cache_hit_rate": 0.9998651418922747,
  "output_tokens": 8929,
  "cost_usd": 0.22420850000000003
}