{
  "attempt_id": "20260516T055300-914dd9cf",
  "harness": "claude",
  "model": "opus",
  "tokens": 40521,
  "input_tokens": 100,
  "cached_tokens": 8789882,
  "cache_hit_rate": 0.9999886234124257,
  "output_tokens": 40421,
  "cost_usd": 6.099245000000002
}