{
  "attempt_id": "20260527T034629-44eb4c85",
  "harness": "claude",
  "tokens": 0,
  "input_tokens": 2,
  "cached_tokens": 260950,
  "cache_hit_rate": 0.9999923357552347,
  "output_tokens": 49,
  "cost_usd": 16.20491475
}