{
  "attempt_id": "20260606T071942-7f65425d",
  "harness": "claude",
  "model": "sonnet",
  "tokens": 8011,
  "input_tokens": 22,
  "cached_tokens": 900324,
  "cache_hit_rate": 0.9999755649494749,
  "output_tokens": 7989,
  "cost_usd": 0.5209227000000001
}