{
  "attempt_id": "20260605T235852-67f7c534",
  "harness": "claude",
  "model": "sonnet",
  "tokens": 56123,
  "input_tokens": 360,
  "cached_tokens": 12147605,
  "cache_hit_rate": 0.9999703654068809,
  "output_tokens": 55763,
  "cost_usd": 5.35276125
}