{
  "attempt_id": "20260518T101315-736eb5ab",
  "harness": "claude",
  "model": "haiku",
  "tokens": 10200,
  "input_tokens": 177,
  "cached_tokens": 1591636,
  "cache_hit_rate": 0.9998888060343771,
  "output_tokens": 10023,
  "cost_usd": 0.2575236
}