{
  "attempt_id": "20260627T203321-d3671b2e",
  "harness": "claude",
  "model": "sonnet",
  "tokens": 23518,
  "input_tokens": 28,
  "cached_tokens": 1726084,
  "cache_hit_rate": 0.9999837785728852,
  "output_tokens": 23490,
  "cost_usd": 1.2923431999999997
}