{
  "attempt_id": "20260518T075754-b7eb18e9",
  "harness": "claude",
  "model": "haiku",
  "tokens": 341,
  "input_tokens": 9,
  "cached_tokens": 96306,
  "cache_hit_rate": 0.9999065566111197,
  "output_tokens": 332,
  "cost_usd": 0.40277145
}