{
  "attempt_id": "20260606T073501-2b40f464",
  "harness": "claude",
  "model": "sonnet",
  "tokens": 41631,
  "input_tokens": 1260,
  "cached_tokens": 13942007,
  "cache_hit_rate": 0.9999096338038997,
  "output_tokens": 40371,
  "cost_usd": 5.260832600000001
}