{
  "attempt_id": "20260528T115036-d1fa9c8a",
  "harness": "claude",
  "model": "haiku",
  "tokens": 136,
  "input_tokens": 9,
  "cached_tokens": 137660,
  "cache_hit_rate": 0.9999346258053737,
  "output_tokens": 127,
  "cost_usd": 1.1019626499999995
}