{
  "attempt_id": "20260628T032845-7af8c094",
  "harness": "claude",
  "model": "sonnet",
  "tokens": 109253,
  "input_tokens": 135,
  "cached_tokens": 13871535,
  "cache_hit_rate": 0.9999902679345746,
  "output_tokens": 109118,
  "cost_usd": 7.893293100000002
}