{
  "attempt_id": "20260518T104033-42e6dbe1",
  "harness": "claude",
  "model": "haiku",
  "tokens": 25435,
  "input_tokens": 639,
  "cached_tokens": 8263424,
  "cache_hit_rate": 0.9999226772593578,
  "output_tokens": 24796,
  "cost_usd": 1.0548611499999998
}