{
  "attempt_id": "20260528T034907-02c28947",
  "harness": "claude",
  "model": "haiku",
  "tokens": 111,
  "input_tokens": 9,
  "cached_tokens": 94621,
  "cache_hit_rate": 0.9999048927401458,
  "output_tokens": 102,
  "cost_usd": 0.4593028
}