{
  "attempt_id": "20260528T003554-b0b8a5bc",
  "harness": "claude",
  "model": "haiku",
  "tokens": 22444,
  "input_tokens": 881,
  "cached_tokens": 9871285,
  "cache_hit_rate": 0.9999107591991464,
  "output_tokens": 21563,
  "cost_usd": 1.2172432500000003
}