{
  "attempt_id": "20260603T175513-b4278be5",
  "harness": "claude",
  "model": "sonnet",
  "tokens": 343,
  "input_tokens": 5,
  "cached_tokens": 326307,
  "cache_hit_rate": 0.9999846772414132,
  "output_tokens": 338,
  "cost_usd": 2.7204435999999994
}