{
  "attempt_id": "20260518T102110-4a0bacb1",
  "harness": "claude",
  "model": "haiku",
  "tokens": 9119,
  "input_tokens": 219,
  "cached_tokens": 2000947,
  "cache_hit_rate": 0.9998905638013038,
  "output_tokens": 8900,
  "cost_usd": 0.28966320000000007
}