{
  "attempt_id": "20260528T135929-d408b64b",
  "harness": "claude",
  "model": "haiku",
  "tokens": 246,
  "input_tokens": 9,
  "cached_tokens": 100981,
  "cache_hit_rate": 0.9999108822655709,
  "output_tokens": 237,
  "cost_usd": 0.71332135
}