{
  "attempt_id": "20260531T203325-8137d9f8",
  "harness": "claude",
  "model": "sonnet",
  "tokens": 26992,
  "input_tokens": 97,
  "cached_tokens": 13846474,
  "cache_hit_rate": 0.9999929946555,
  "output_tokens": 26895,
  "cost_usd": 5.1974049499999975
}