{
  "attempt_id": "20260516T064457-edcefc59",
  "harness": "claude",
  "model": "opus",
  "tokens": 21330,
  "input_tokens": 30,
  "cached_tokens": 1403330,
  "cache_hit_rate": 0.9999786227340098,
  "output_tokens": 21300,
  "cost_usd": 1.669234
}