{
  "attempt_id": "20260603T014135-b75eb71e",
  "harness": "claude",
  "model": "sonnet",
  "tokens": 23953,
  "input_tokens": 38,
  "cached_tokens": 3476084,
  "cache_hit_rate": 0.9999890682778108,
  "output_tokens": 23915,
  "cost_usd": 1.7839664499999996
}