{
  "attempt_id": "20260527T104154-3efddad9",
  "harness": "claude",
  "model": "haiku",
  "tokens": 12051,
  "input_tokens": 275,
  "cached_tokens": 3442207,
  "cache_hit_rate": 0.9999201157769307,
  "output_tokens": 11776,
  "cost_usd": 0.4875777
}