{
  "attempt_id": "20260603T104855-1e503c65",
  "harness": "claude",
  "model": "sonnet",
  "tokens": 57,
  "input_tokens": 3,
  "cached_tokens": 117827,
  "cache_hit_rate": 0.9999745395909361,
  "output_tokens": 54,
  "cost_usd": 1.83047325
}