{
  "attempt_id": "20260516T045133-65539241",
  "harness": "claude",
  "model": "opus",
  "tokens": 31662,
  "input_tokens": 2602,
  "cached_tokens": 7738118,
  "cache_hit_rate": 0.999663855558656,
  "output_tokens": 29060,
  "cost_usd": 5.5263745
}