{
  "attempt_id": "20260528T094412-8d441544",
  "harness": "claude",
  "model": "haiku",
  "tokens": 149,
  "input_tokens": 9,
  "cached_tokens": 137272,
  "cache_hit_rate": 0.9999344410369971,
  "output_tokens": 140,
  "cost_usd": 1.1432219
}