{
  "attempt_id": "20260603T100554-9c25b21c",
  "harness": "claude",
  "model": "sonnet",
  "tokens": 46787,
  "input_tokens": 31,
  "cached_tokens": 2866045,
  "cache_hit_rate": 0.999989183817875,
  "output_tokens": 46756,
  "cost_usd": 1.9993344999999996
}