{
  "attempt_id": "20260527T191724-dc419300",
  "harness": "claude",
  "model": "haiku",
  "tokens": 4826,
  "input_tokens": 114,
  "cached_tokens": 1186518,
  "cache_hit_rate": 0.9999039297777238,
  "output_tokens": 4712,
  "cost_usd": 0.2045583
}