{
  "attempt_id": "20260527T202538-d1b14160",
  "harness": "claude",
  "model": "haiku",
  "tokens": 600,
  "input_tokens": 9,
  "cached_tokens": 120026,
  "cache_hit_rate": 0.9999250218686216,
  "output_tokens": 591,
  "cost_usd": 0.5802070500000001
}